unit,year_month,fully_vac_rate
Bellingham-asian,2021-03,0.08
Bellingham-black,2021-03,0.12
Bellingham-hispanic,2021-03,0.08
Bellingham-white,2021-03,0.12
Chelsea-asian,2021-03,0.15
Chelsea-black,2021-03,0.11
Chelsea-hispanic,2021-03,0.07
Chelsea-white,2021-03,0.27
Chicopee-asian,2021-03,0.09
Chicopee-black,2021-03,0.07
Chicopee-hispanic,2021-03,0.05
Chicopee-white,2021-03,0.15
Everett-asian,2021-03,0.1
Everett-black,2021-03,0.07
Everett-hispanic,2021-03,0.05
Everett-white,2021-03,0.19
Fitchburg-asian,2021-03,0.05
Fitchburg-black,2021-03,0.07
Fitchburg-hispanic,2021-03,0.03
Fitchburg-white,2021-03,0.14
Haverhill-asian,2021-03,0.11
Haverhill-black,2021-03,0.14
Haverhill-hispanic,2021-03,0.04
Haverhill-white,2021-03,0.18
Holyoke-asian,2021-03,0.09
Holyoke-black,2021-03,0.09
Holyoke-hispanic,2021-03,0.05
Holyoke-white,2021-03,0.2
Lawrence-asian,2021-03,0.08
Lawrence-black,2021-03,0.41
Lawrence-hispanic,2021-03,0.02
Lawrence-white,2021-03,0.38
Leominster-asian,2021-03,0.07
Leominster-black,2021-03,0.09
Leominster-hispanic,2021-03,0.04
Leominster-white,2021-03,0.16
Lynn-asian,2021-03,0.12
Lynn-black,2021-03,0.13
Lynn-hispanic,2021-03,0.08
Lynn-white,2021-03,0.29
Marlborough-asian,2021-03,0.06
Marlborough-black,2021-03,0.12
Marlborough-hispanic,2021-03,0.05
Marlborough-white,2021-03,0.16
Methuen-asian,2021-03,0.13
Methuen-black,2021-03,0.16
Methuen-hispanic,2021-03,0.04
Methuen-white,2021-03,0.2
Milford-asian,2021-03,0.11
Milford-black,2021-03,0.15
Milford-hispanic,2021-03,0.05
Milford-white,2021-03,0.18
New Bedford-asian,2021-03,0.05
New Bedford-black,2021-03,0.09
New Bedford-hispanic,2021-03,0.03
New Bedford-white,2021-03,0.13
Peabody-asian,2021-03,0.12
Peabody-black,2021-03,0.15
Peabody-hispanic,2021-03,0.08
Peabody-white,2021-03,0.23
Revere-asian,2021-03,0.12
Revere-black,2021-03,0.11
Revere-hispanic,2021-03,0.08
Revere-white,2021-03,0.23
Southbridge-asian,2021-03,0.14
Southbridge-black,2021-03,0.13
Southbridge-hispanic,2021-03,0.22
Southbridge-white,2021-03,0.07
Springfield-asian,2021-03,0.09
Springfield-black,2021-03,0.08
Springfield-hispanic,2021-03,0.05
Springfield-white,2021-03,0.17
Waltham-asian,2021-03,0.07
Waltham-black,2021-03,0.13
Waltham-hispanic,2021-03,0.04
Waltham-white,2021-03,0.19
Worcester-asian,2021-03,0.09
Worcester-black,2021-03,0.1
Worcester-hispanic,2021-03,0.05
Worcester-white,2021-03,0.17
Bellingham-asian,2021-04,0.19
Bellingham-black,2021-04,0.25
Bellingham-hispanic,2021-04,0.2
Bellingham-white,2021-04,0.28
Chelsea-asian,2021-04,0.31
Chelsea-black,2021-04,0.19
Chelsea-hispanic,2021-04,0.16
Chelsea-white,2021-04,0.42
Chicopee-asian,2021-04,0.16
Chicopee-black,2021-04,0.13
Chicopee-hispanic,2021-04,0.1
Chicopee-white,2021-04,0.27
Everett-asian,2021-04,0.25
Everett-black,2021-04,0.12
Everett-hispanic,2021-04,0.14
Everett-white,2021-04,0.33
Fitchburg-asian,2021-04,0.16
Fitchburg-black,2021-04,0.14
Fitchburg-hispanic,2021-04,0.09
Fitchburg-white,2021-04,0.28
Haverhill-asian,2021-04,0.25
Haverhill-black,2021-04,0.24
Haverhill-hispanic,2021-04,0.11
Haverhill-white,2021-04,0.34
Holyoke-asian,2021-04,0.2
Holyoke-black,2021-04,0.18
Holyoke-hispanic,2021-04,0.12
Holyoke-white,2021-04,0.35
Lawrence-asian,2021-04,0.23
Lawrence-black,2021-04,0.88
Lawrence-hispanic,2021-04,0.07
Lawrence-white,2021-04,0.71
Leominster-asian,2021-04,0.2
Leominster-black,2021-04,0.16
Leominster-hispanic,2021-04,0.11
Leominster-white,2021-04,0.34
Lynn-asian,2021-04,0.26
Lynn-black,2021-04,0.21
Lynn-hispanic,2021-04,0.16
Lynn-white,2021-04,0.44
Marlborough-asian,2021-04,0.14
Marlborough-black,2021-04,0.21
Marlborough-hispanic,2021-04,0.15
Marlborough-white,2021-04,0.3
Methuen-asian,2021-04,0.28
Methuen-black,2021-04,0.31
Methuen-hispanic,2021-04,0.11
Methuen-white,2021-04,0.37
Milford-asian,2021-04,0.22
Milford-black,2021-04,0.25
Milford-hispanic,2021-04,0.18
Milford-white,2021-04,0.33
New Bedford-asian,2021-04,0.11
New Bedford-black,2021-04,0.17
New Bedford-hispanic,2021-04,0.07
New Bedford-white,2021-04,0.24
Peabody-asian,2021-04,0.24
Peabody-black,2021-04,0.23
Peabody-hispanic,2021-04,0.17
Peabody-white,2021-04,0.38
Revere-asian,2021-04,0.27
Revere-black,2021-04,0.2
Revere-hispanic,2021-04,0.18
Revere-white,2021-04,0.37
Southbridge-asian,2021-04,0.14
Southbridge-black,2021-04,0.13
Southbridge-hispanic,2021-04,0.36
Southbridge-white,2021-04,0.14
Springfield-asian,2021-04,0.16
Springfield-black,2021-04,0.15
Springfield-hispanic,2021-04,0.1
Springfield-white,2021-04,0.29
Waltham-asian,2021-04,0.16
Waltham-black,2021-04,0.24
Waltham-hispanic,2021-04,0.12
Waltham-white,2021-04,0.36
Worcester-asian,2021-04,0.21
Worcester-black,2021-04,0.16
Worcester-hispanic,2021-04,0.13
Worcester-white,2021-04,0.3
Bellingham-asian,2021-05,0.36
Bellingham-black,2021-05,0.34
Bellingham-hispanic,2021-05,0.39
Bellingham-white,2021-05,0.42
Chelsea-asian,2021-05,0.54
Chelsea-black,2021-05,0.29
Chelsea-hispanic,2021-05,0.34
Chelsea-white,2021-05,0.56
Chicopee-asian,2021-05,0.33
Chicopee-black,2021-05,0.22
Chicopee-hispanic,2021-05,0.18
Chicopee-white,2021-05,0.38
Everett-asian,2021-05,0.46
Everett-black,2021-05,0.18
Everett-hispanic,2021-05,0.27
Everett-white,2021-05,0.44
Fitchburg-asian,2021-05,0.31
Fitchburg-black,2021-05,0.21
Fitchburg-hispanic,2021-05,0.17
Fitchburg-white,2021-05,0.39
Haverhill-asian,2021-05,0.42
Haverhill-black,2021-05,0.34
Haverhill-hispanic,2021-05,0.18
Haverhill-white,2021-05,0.46
Holyoke-asian,2021-05,0.35
Holyoke-black,2021-05,0.25
Holyoke-hispanic,2021-05,0.18
Holyoke-white,2021-05,0.44
Lawrence-asian,2021-05,0.43
Lawrence-black,2021-05,1.0
Lawrence-hispanic,2021-05,0.13
Lawrence-white,2021-05,0.92
Leominster-asian,2021-05,0.39
Leominster-black,2021-05,0.25
Leominster-hispanic,2021-05,0.23
Leominster-white,2021-05,0.47
Lynn-asian,2021-05,0.44
Lynn-black,2021-05,0.29
Lynn-hispanic,2021-05,0.26
Lynn-white,2021-05,0.54
Marlborough-asian,2021-05,0.36
Marlborough-black,2021-05,0.34
Marlborough-hispanic,2021-05,0.39
Marlborough-white,2021-05,0.46
Methuen-asian,2021-05,0.42
Methuen-black,2021-05,0.42
Methuen-hispanic,2021-05,0.18
Methuen-white,2021-05,0.46
Milford-asian,2021-05,0.39
Milford-black,2021-05,0.38
Milford-hispanic,2021-05,0.4
Milford-white,2021-05,0.47
New Bedford-asian,2021-05,0.31
New Bedford-black,2021-05,0.27
New Bedford-hispanic,2021-05,0.15
New Bedford-white,2021-05,0.34
Peabody-asian,2021-05,0.41
Peabody-black,2021-05,0.32
Peabody-hispanic,2021-05,0.28
Peabody-white,2021-05,0.49
Revere-asian,2021-05,0.49
Revere-black,2021-05,0.31
Revere-hispanic,2021-05,0.35
Revere-white,2021-05,0.48
Southbridge-asian,2021-05,0.33
Southbridge-black,2021-05,0.21
Southbridge-hispanic,2021-05,0.55
Southbridge-white,2021-05,0.22
Springfield-asian,2021-05,0.33
Springfield-black,2021-05,0.23
Springfield-hispanic,2021-05,0.17
Springfield-white,2021-05,0.41
Waltham-asian,2021-05,0.37
Waltham-black,2021-05,0.34
Waltham-hispanic,2021-05,0.22
Waltham-white,2021-05,0.51
Worcester-asian,2021-05,0.41
Worcester-black,2021-05,0.23
Worcester-hispanic,2021-05,0.22
Worcester-white,2021-05,0.42
Bellingham-asian,2021-06,0.49
Bellingham-black,2021-06,0.45
Bellingham-hispanic,2021-06,0.52
Bellingham-white,2021-06,0.5
Chelsea-asian,2021-06,0.6
Chelsea-black,2021-06,0.37
Chelsea-hispanic,2021-06,0.47
Chelsea-white,2021-06,0.64
Chicopee-asian,2021-06,0.47
Chicopee-black,2021-06,0.31
Chicopee-hispanic,2021-06,0.27
Chicopee-white,2021-06,0.49
Everett-asian,2021-06,0.58
Everett-black,2021-06,0.25
Everett-hispanic,2021-06,0.41
Everett-white,2021-06,0.53
Fitchburg-asian,2021-06,0.47
Fitchburg-black,2021-06,0.31
Fitchburg-hispanic,2021-06,0.28
Fitchburg-white,2021-06,0.48
Haverhill-asian,2021-06,0.52
Haverhill-black,2021-06,0.44
Haverhill-hispanic,2021-06,0.25
Haverhill-white,2021-06,0.53
Holyoke-asian,2021-06,0.49
Holyoke-black,2021-06,0.34
Holyoke-hispanic,2021-06,0.28
Holyoke-white,2021-06,0.55
Lawrence-asian,2021-06,0.54
Lawrence-black,2021-06,1.0
Lawrence-hispanic,2021-06,0.19
Lawrence-white,2021-06,0.92
Leominster-asian,2021-06,0.53
Leominster-black,2021-06,0.37
Leominster-hispanic,2021-06,0.36
Leominster-white,2021-06,0.56
Lynn-asian,2021-06,0.54
Lynn-black,2021-06,0.37
Lynn-hispanic,2021-06,0.35
Lynn-white,2021-06,0.61
Marlborough-asian,2021-06,0.47
Marlborough-black,2021-06,0.44
Marlborough-hispanic,2021-06,0.63
Marlborough-white,2021-06,0.55
Methuen-asian,2021-06,0.5
Methuen-black,2021-06,0.55
Methuen-hispanic,2021-06,0.25
Methuen-white,2021-06,0.52
Milford-asian,2021-06,0.48
Milford-black,2021-06,0.54
Milford-hispanic,2021-06,0.65
Milford-white,2021-06,0.57
New Bedford-asian,2021-06,0.43
New Bedford-black,2021-06,0.36
New Bedford-hispanic,2021-06,0.23
New Bedford-white,2021-06,0.4
Peabody-asian,2021-06,0.54
Peabody-black,2021-06,0.41
Peabody-hispanic,2021-06,0.41
Peabody-white,2021-06,0.56
Revere-asian,2021-06,0.61
Revere-black,2021-06,0.39
Revere-hispanic,2021-06,0.48
Revere-white,2021-06,0.55
Southbridge-asian,2021-06,0.48
Southbridge-black,2021-06,0.29
Southbridge-hispanic,2021-06,0.71
Southbridge-white,2021-06,0.3
Springfield-asian,2021-06,0.46
Springfield-black,2021-06,0.31
Springfield-hispanic,2021-06,0.26
Springfield-white,2021-06,0.5
Waltham-asian,2021-06,0.5
Waltham-black,2021-06,0.47
Waltham-hispanic,2021-06,0.34
Waltham-white,2021-06,0.58
Worcester-asian,2021-06,0.55
Worcester-black,2021-06,0.34
Worcester-hispanic,2021-06,0.33
Worcester-white,2021-06,0.5
Bellingham-asian,2021-07,0.5
Bellingham-black,2021-07,0.48
Bellingham-hispanic,2021-07,0.55
Bellingham-white,2021-07,0.52
Chelsea-asian,2021-07,0.6
Chelsea-black,2021-07,0.4
Chelsea-hispanic,2021-07,0.5
Chelsea-white,2021-07,0.67
Chicopee-asian,2021-07,0.49
Chicopee-black,2021-07,0.34
Chicopee-hispanic,2021-07,0.3
Chicopee-white,2021-07,0.51
Everett-asian,2021-07,0.59
Everett-black,2021-07,0.27
Everett-hispanic,2021-07,0.44
Everett-white,2021-07,0.55
Fitchburg-asian,2021-07,0.52
Fitchburg-black,2021-07,0.34
Fitchburg-hispanic,2021-07,0.32
Fitchburg-white,2021-07,0.5
Haverhill-asian,2021-07,0.54
Haverhill-black,2021-07,0.47
Haverhill-hispanic,2021-07,0.27
Haverhill-white,2021-07,0.54
Holyoke-asian,2021-07,0.52
Holyoke-black,2021-07,0.37
Holyoke-hispanic,2021-07,0.3
Holyoke-white,2021-07,0.57
Lawrence-asian,2021-07,0.56
Lawrence-black,2021-07,1.0
Lawrence-hispanic,2021-07,0.22
Lawrence-white,2021-07,0.92
Leominster-asian,2021-07,0.56
Leominster-black,2021-07,0.41
Leominster-hispanic,2021-07,0.39
Leominster-white,2021-07,0.58
Lynn-asian,2021-07,0.56
Lynn-black,2021-07,0.39
Lynn-hispanic,2021-07,0.38
Lynn-white,2021-07,0.63
Marlborough-asian,2021-07,0.49
Marlborough-black,2021-07,0.46
Marlborough-hispanic,2021-07,0.68
Marlborough-white,2021-07,0.56
Methuen-asian,2021-07,0.51
Methuen-black,2021-07,0.6
Methuen-hispanic,2021-07,0.27
Methuen-white,2021-07,0.53
Milford-asian,2021-07,0.5
Milford-black,2021-07,0.57
Milford-hispanic,2021-07,0.71
Milford-white,2021-07,0.58
New Bedford-asian,2021-07,0.46
New Bedford-black,2021-07,0.39
New Bedford-hispanic,2021-07,0.27
New Bedford-white,2021-07,0.41
Peabody-asian,2021-07,0.56
Peabody-black,2021-07,0.44
Peabody-hispanic,2021-07,0.44
Peabody-white,2021-07,0.57
Revere-asian,2021-07,0.63
Revere-black,2021-07,0.42
Revere-hispanic,2021-07,0.51
Revere-white,2021-07,0.57
Southbridge-asian,2021-07,0.5
Southbridge-black,2021-07,0.34
Southbridge-hispanic,2021-07,0.72
Southbridge-white,2021-07,0.33
Springfield-asian,2021-07,0.49
Springfield-black,2021-07,0.33
Springfield-hispanic,2021-07,0.28
Springfield-white,2021-07,0.52
Waltham-asian,2021-07,0.52
Waltham-black,2021-07,0.51
Waltham-hispanic,2021-07,0.36
Waltham-white,2021-07,0.6
Worcester-asian,2021-07,0.57
Worcester-black,2021-07,0.37
Worcester-hispanic,2021-07,0.36
Worcester-white,2021-07,0.51
Bellingham-asian,2021-08,0.51
Bellingham-black,2021-08,0.54
Bellingham-hispanic,2021-08,0.59
Bellingham-white,2021-08,0.54
Chelsea-asian,2021-08,0.6
Chelsea-black,2021-08,0.42
Chelsea-hispanic,2021-08,0.54
Chelsea-white,2021-08,0.68
Chicopee-asian,2021-08,0.52
Chicopee-black,2021-08,0.37
Chicopee-hispanic,2021-08,0.33
Chicopee-white,2021-08,0.54
Everett-asian,2021-08,0.61
Everett-black,2021-08,0.3
Everett-hispanic,2021-08,0.47
Everett-white,2021-08,0.57
Fitchburg-asian,2021-08,0.55
Fitchburg-black,2021-08,0.38
Fitchburg-hispanic,2021-08,0.35
Fitchburg-white,2021-08,0.52
Haverhill-asian,2021-08,0.56
Haverhill-black,2021-08,0.51
Haverhill-hispanic,2021-08,0.3
Haverhill-white,2021-08,0.56
Holyoke-asian,2021-08,0.55
Holyoke-black,2021-08,0.41
Holyoke-hispanic,2021-08,0.33
Holyoke-white,2021-08,0.59
Lawrence-asian,2021-08,0.58
Lawrence-black,2021-08,1.0
Lawrence-hispanic,2021-08,0.25
Lawrence-white,2021-08,0.92
Leominster-asian,2021-08,0.58
Leominster-black,2021-08,0.45
Leominster-hispanic,2021-08,0.41
Leominster-white,2021-08,0.6
Lynn-asian,2021-08,0.58
Lynn-black,2021-08,0.42
Lynn-hispanic,2021-08,0.41
Lynn-white,2021-08,0.65
Marlborough-asian,2021-08,0.5
Marlborough-black,2021-08,0.49
Marlborough-hispanic,2021-08,0.72
Marlborough-white,2021-08,0.58
Methuen-asian,2021-08,0.53
Methuen-black,2021-08,0.65
Methuen-hispanic,2021-08,0.3
Methuen-white,2021-08,0.55
Milford-asian,2021-08,0.5
Milford-black,2021-08,0.61
Milford-hispanic,2021-08,0.76
Milford-white,2021-08,0.6
New Bedford-asian,2021-08,0.48
New Bedford-black,2021-08,0.42
New Bedford-hispanic,2021-08,0.31
New Bedford-white,2021-08,0.43
Peabody-asian,2021-08,0.6
Peabody-black,2021-08,0.48
Peabody-hispanic,2021-08,0.48
Peabody-white,2021-08,0.59
Revere-asian,2021-08,0.66
Revere-black,2021-08,0.45
Revere-hispanic,2021-08,0.55
Revere-white,2021-08,0.59
Southbridge-asian,2021-08,0.53
Southbridge-black,2021-08,0.39
Southbridge-hispanic,2021-08,0.74
Southbridge-white,2021-08,0.36
Springfield-asian,2021-08,0.52
Springfield-black,2021-08,0.37
Springfield-hispanic,2021-08,0.31
Springfield-white,2021-08,0.54
Waltham-asian,2021-08,0.53
Waltham-black,2021-08,0.56
Waltham-hispanic,2021-08,0.45
Waltham-white,2021-08,0.62
Worcester-asian,2021-08,0.59
Worcester-black,2021-08,0.4
Worcester-hispanic,2021-08,0.39
Worcester-white,2021-08,0.53
Bellingham-asian,2021-09,0.51
Bellingham-black,2021-09,0.57
Bellingham-hispanic,2021-09,0.62
Bellingham-white,2021-09,0.55
Chelsea-asian,2021-09,0.6
Chelsea-black,2021-09,0.45
Chelsea-hispanic,2021-09,0.56
Chelsea-white,2021-09,0.7
Chicopee-asian,2021-09,0.53
Chicopee-black,2021-09,0.41
Chicopee-hispanic,2021-09,0.35
Chicopee-white,2021-09,0.56
Everett-asian,2021-09,0.63
Everett-black,2021-09,0.32
Everett-hispanic,2021-09,0.49
Everett-white,2021-09,0.59
Fitchburg-asian,2021-09,0.56
Fitchburg-black,2021-09,0.41
Fitchburg-hispanic,2021-09,0.37
Fitchburg-white,2021-09,0.54
Haverhill-asian,2021-09,0.57
Haverhill-black,2021-09,0.53
Haverhill-hispanic,2021-09,0.32
Haverhill-white,2021-09,0.58
Holyoke-asian,2021-09,0.56
Holyoke-black,2021-09,0.45
Holyoke-hispanic,2021-09,0.35
Holyoke-white,2021-09,0.61
Lawrence-asian,2021-09,0.59
Lawrence-black,2021-09,1.0
Lawrence-hispanic,2021-09,0.27
Lawrence-white,2021-09,0.92
Leominster-asian,2021-09,0.59
Leominster-black,2021-09,0.48
Leominster-hispanic,2021-09,0.43
Leominster-white,2021-09,0.62
Lynn-asian,2021-09,0.59
Lynn-black,2021-09,0.45
Lynn-hispanic,2021-09,0.43
Lynn-white,2021-09,0.66
Marlborough-asian,2021-09,0.51
Marlborough-black,2021-09,0.51
Marlborough-hispanic,2021-09,0.76
Marlborough-white,2021-09,0.59
Methuen-asian,2021-09,0.53
Methuen-black,2021-09,0.67
Methuen-hispanic,2021-09,0.31
Methuen-white,2021-09,0.57
Milford-asian,2021-09,0.5
Milford-black,2021-09,0.63
Milford-hispanic,2021-09,0.78
Milford-white,2021-09,0.61
New Bedford-asian,2021-09,0.5
New Bedford-black,2021-09,0.45
New Bedford-hispanic,2021-09,0.34
New Bedford-white,2021-09,0.45
Peabody-asian,2021-09,0.6
Peabody-black,2021-09,0.51
Peabody-hispanic,2021-09,0.5
Peabody-white,2021-09,0.6
Revere-asian,2021-09,0.67
Revere-black,2021-09,0.48
Revere-hispanic,2021-09,0.57
Revere-white,2021-09,0.61
Southbridge-asian,2021-09,0.55
Southbridge-black,2021-09,0.42
Southbridge-hispanic,2021-09,0.74
Southbridge-white,2021-09,0.38
Springfield-asian,2021-09,0.53
Springfield-black,2021-09,0.4
Springfield-hispanic,2021-09,0.33
Springfield-white,2021-09,0.56
Waltham-asian,2021-09,0.54
Waltham-black,2021-09,0.58
Waltham-hispanic,2021-09,0.47
Waltham-white,2021-09,0.63
Worcester-asian,2021-09,0.61
Worcester-black,2021-09,0.43
Worcester-hispanic,2021-09,0.42
Worcester-white,2021-09,0.54
Bellingham-asian,2021-10,0.52
Bellingham-black,2021-10,0.61
Bellingham-hispanic,2021-10,0.65
Bellingham-white,2021-10,0.56
Chelsea-asian,2021-10,0.6
Chelsea-black,2021-10,0.46
Chelsea-hispanic,2021-10,0.58
Chelsea-white,2021-10,0.71
Chicopee-asian,2021-10,0.54
Chicopee-black,2021-10,0.45
Chicopee-hispanic,2021-10,0.37
Chicopee-white,2021-10,0.57
Everett-asian,2021-10,0.64
Everett-black,2021-10,0.34
Everett-hispanic,2021-10,0.51
Everett-white,2021-10,0.61
Fitchburg-asian,2021-10,0.58
Fitchburg-black,2021-10,0.43
Fitchburg-hispanic,2021-10,0.39
Fitchburg-white,2021-10,0.55
Haverhill-asian,2021-10,0.58
Haverhill-black,2021-10,0.54
Haverhill-hispanic,2021-10,0.34
Haverhill-white,2021-10,0.6
Holyoke-asian,2021-10,0.59
Holyoke-black,2021-10,0.49
Holyoke-hispanic,2021-10,0.37
Holyoke-white,2021-10,0.64
Lawrence-asian,2021-10,0.61
Lawrence-black,2021-10,1.0
Lawrence-hispanic,2021-10,0.32
Lawrence-white,2021-10,0.92
Leominster-asian,2021-10,0.61
Leominster-black,2021-10,0.5
Leominster-hispanic,2021-10,0.45
Leominster-white,2021-10,0.64
Lynn-asian,2021-10,0.61
Lynn-black,2021-10,0.47
Lynn-hispanic,2021-10,0.45
Lynn-white,2021-10,0.68
Marlborough-asian,2021-10,0.51
Marlborough-black,2021-10,0.53
Marlborough-hispanic,2021-10,0.78
Marlborough-white,2021-10,0.59
Methuen-asian,2021-10,0.54
Methuen-black,2021-10,0.67
Methuen-hispanic,2021-10,0.35
Methuen-white,2021-10,0.58
Milford-asian,2021-10,0.5
Milford-black,2021-10,0.64
Milford-hispanic,2021-10,0.81
Milford-white,2021-10,0.63
New Bedford-asian,2021-10,0.51
New Bedford-black,2021-10,0.49
New Bedford-hispanic,2021-10,0.4
New Bedford-white,2021-10,0.47
Peabody-asian,2021-10,0.6
Peabody-black,2021-10,0.53
Peabody-hispanic,2021-10,0.52
Peabody-white,2021-10,0.62
Revere-asian,2021-10,0.68
Revere-black,2021-10,0.5
Revere-hispanic,2021-10,0.58
Revere-white,2021-10,0.62
Southbridge-asian,2021-10,0.56
Southbridge-black,2021-10,0.46
Southbridge-hispanic,2021-10,0.74
Southbridge-white,2021-10,0.43
Springfield-asian,2021-10,0.55
Springfield-black,2021-10,0.43
Springfield-hispanic,2021-10,0.35
Springfield-white,2021-10,0.59
Waltham-asian,2021-10,0.55
Waltham-black,2021-10,0.6
Waltham-hispanic,2021-10,0.48
Waltham-white,2021-10,0.63
Worcester-asian,2021-10,0.61
Worcester-black,2021-10,0.45
Worcester-hispanic,2021-10,0.43
Worcester-white,2021-10,0.56
Bellingham-asian,2021-11,0.53
Bellingham-black,2021-11,0.61
Bellingham-hispanic,2021-11,0.69
Bellingham-white,2021-11,0.58
Chelsea-asian,2021-11,0.6
Chelsea-black,2021-11,0.48
Chelsea-hispanic,2021-11,0.6
Chelsea-white,2021-11,0.74
Chicopee-asian,2021-11,0.54
Chicopee-black,2021-11,0.46
Chicopee-hispanic,2021-11,0.39
Chicopee-white,2021-11,0.6
Everett-asian,2021-11,0.65
Everett-black,2021-11,0.36
Everett-hispanic,2021-11,0.52
Everett-white,2021-11,0.63
Fitchburg-asian,2021-11,0.6
Fitchburg-black,2021-11,0.46
Fitchburg-hispanic,2021-11,0.41
Fitchburg-white,2021-11,0.57
Haverhill-asian,2021-11,0.59
Haverhill-black,2021-11,0.56
Haverhill-hispanic,2021-11,0.37
Haverhill-white,2021-11,0.62
Holyoke-asian,2021-11,0.61
Holyoke-black,2021-11,0.51
Holyoke-hispanic,2021-11,0.39
Holyoke-white,2021-11,0.67
Lawrence-asian,2021-11,0.63
Lawrence-black,2021-11,1.0
Lawrence-hispanic,2021-11,0.37
Lawrence-white,2021-11,0.92
Leominster-asian,2021-11,0.63
Leominster-black,2021-11,0.52
Leominster-hispanic,2021-11,0.48
Leominster-white,2021-11,0.67
Lynn-asian,2021-11,0.62
Lynn-black,2021-11,0.49
Lynn-hispanic,2021-11,0.47
Lynn-white,2021-11,0.7
Marlborough-asian,2021-11,0.52
Marlborough-black,2021-11,0.55
Marlborough-hispanic,2021-11,0.8
Marlborough-white,2021-11,0.61
Methuen-asian,2021-11,0.54
Methuen-black,2021-11,0.67
Methuen-hispanic,2021-11,0.39
Methuen-white,2021-11,0.59
Milford-asian,2021-11,0.51
Milford-black,2021-11,0.65
Milford-hispanic,2021-11,0.84
Milford-white,2021-11,0.65
New Bedford-asian,2021-11,0.51
New Bedford-black,2021-11,0.52
New Bedford-hispanic,2021-11,0.42
New Bedford-white,2021-11,0.49
Peabody-asian,2021-11,0.6
Peabody-black,2021-11,0.55
Peabody-hispanic,2021-11,0.55
Peabody-white,2021-11,0.64
Revere-asian,2021-11,0.69
Revere-black,2021-11,0.52
Revere-hispanic,2021-11,0.6
Revere-white,2021-11,0.64
Southbridge-asian,2021-11,0.56
Southbridge-black,2021-11,0.46
Southbridge-hispanic,2021-11,0.74
Southbridge-white,2021-11,0.47
Springfield-asian,2021-11,0.57
Springfield-black,2021-11,0.46
Springfield-hispanic,2021-11,0.37
Springfield-white,2021-11,0.63
Waltham-asian,2021-11,0.57
Waltham-black,2021-11,0.61
Waltham-hispanic,2021-11,0.49
Waltham-white,2021-11,0.65
Worcester-asian,2021-11,0.62
Worcester-black,2021-11,0.47
Worcester-hispanic,2021-11,0.46
Worcester-white,2021-11,0.58
Bellingham-asian,2021-12,0.57
Bellingham-black,2021-12,0.61
Bellingham-hispanic,2021-12,0.74
Bellingham-white,2021-12,0.6
Chelsea-asian,2021-12,0.6
Chelsea-black,2021-12,0.5
Chelsea-hispanic,2021-12,0.62
Chelsea-white,2021-12,0.76
Chicopee-asian,2021-12,0.54
Chicopee-black,2021-12,0.47
Chicopee-hispanic,2021-12,0.41
Chicopee-white,2021-12,0.62
Everett-asian,2021-12,0.67
Everett-black,2021-12,0.37
Everett-hispanic,2021-12,0.54
Everett-white,2021-12,0.65
Fitchburg-asian,2021-12,0.62
Fitchburg-black,2021-12,0.48
Fitchburg-hispanic,2021-12,0.44
Fitchburg-white,2021-12,0.59
Haverhill-asian,2021-12,0.61
Haverhill-black,2021-12,0.57
Haverhill-hispanic,2021-12,0.4
Haverhill-white,2021-12,0.64
Holyoke-asian,2021-12,0.63
Holyoke-black,2021-12,0.54
Holyoke-hispanic,2021-12,0.41
Holyoke-white,2021-12,0.7
Lawrence-asian,2021-12,0.66
Lawrence-black,2021-12,1.0
Lawrence-hispanic,2021-12,0.42
Lawrence-white,2021-12,0.92
Leominster-asian,2021-12,0.65
Leominster-black,2021-12,0.55
Leominster-hispanic,2021-12,0.51
Leominster-white,2021-12,0.69
Lynn-asian,2021-12,0.65
Lynn-black,2021-12,0.5
Lynn-hispanic,2021-12,0.49
Lynn-white,2021-12,0.72
Marlborough-asian,2021-12,0.55
Marlborough-black,2021-12,0.57
Marlborough-hispanic,2021-12,0.83
Marlborough-white,2021-12,0.63
Methuen-asian,2021-12,0.57
Methuen-black,2021-12,0.67
Methuen-hispanic,2021-12,0.42
Methuen-white,2021-12,0.61
Milford-asian,2021-12,0.53
Milford-black,2021-12,0.65
Milford-hispanic,2021-12,0.87
Milford-white,2021-12,0.67
New Bedford-asian,2021-12,0.54
New Bedford-black,2021-12,0.55
New Bedford-hispanic,2021-12,0.45
New Bedford-white,2021-12,0.51
Peabody-asian,2021-12,0.61
Peabody-black,2021-12,0.57
Peabody-hispanic,2021-12,0.58
Peabody-white,2021-12,0.66
Revere-asian,2021-12,0.71
Revere-black,2021-12,0.53
Revere-hispanic,2021-12,0.63
Revere-white,2021-12,0.66
Southbridge-asian,2021-12,0.6
Southbridge-black,2021-12,0.51
Southbridge-hispanic,2021-12,0.74
Southbridge-white,2021-12,0.49
Springfield-asian,2021-12,0.59
Springfield-black,2021-12,0.48
Springfield-hispanic,2021-12,0.39
Springfield-white,2021-12,0.65
Waltham-asian,2021-12,0.6
Waltham-black,2021-12,0.64
Waltham-hispanic,2021-12,0.52
Waltham-white,2021-12,0.68
Worcester-asian,2021-12,0.64
Worcester-black,2021-12,0.49
Worcester-hispanic,2021-12,0.47
Worcester-white,2021-12,0.6
Bellingham-asian,2022-01,0.59
Bellingham-black,2022-01,0.61
Bellingham-hispanic,2022-01,0.75
Bellingham-white,2022-01,0.61
Chelsea-asian,2022-01,0.6
Chelsea-black,2022-01,0.52
Chelsea-hispanic,2022-01,0.65
Chelsea-white,2022-01,0.77
Chicopee-asian,2022-01,0.57
Chicopee-black,2022-01,0.49
Chicopee-hispanic,2022-01,0.43
Chicopee-white,2022-01,0.63
Everett-asian,2022-01,0.69
Everett-black,2022-01,0.39
Everett-hispanic,2022-01,0.57
Everett-white,2022-01,0.66
Fitchburg-asian,2022-01,0.65
Fitchburg-black,2022-01,0.5
Fitchburg-hispanic,2022-01,0.47
Fitchburg-white,2022-01,0.6
Haverhill-asian,2022-01,0.63
Haverhill-black,2022-01,0.59
Haverhill-hispanic,2022-01,0.43
Haverhill-white,2022-01,0.66
Holyoke-asian,2022-01,0.64
Holyoke-black,2022-01,0.56
Holyoke-hispanic,2022-01,0.42
Holyoke-white,2022-01,0.72
Lawrence-asian,2022-01,0.66
Lawrence-black,2022-01,1.0
Lawrence-hispanic,2022-01,0.45
Lawrence-white,2022-01,0.92
Leominster-asian,2022-01,0.68
Leominster-black,2022-01,0.58
Leominster-hispanic,2022-01,0.54
Leominster-white,2022-01,0.71
Lynn-asian,2022-01,0.68
Lynn-black,2022-01,0.52
Lynn-hispanic,2022-01,0.51
Lynn-white,2022-01,0.74
Marlborough-asian,2022-01,0.56
Marlborough-black,2022-01,0.58
Marlborough-hispanic,2022-01,0.86
Marlborough-white,2022-01,0.63
Methuen-asian,2022-01,0.58
Methuen-black,2022-01,0.67
Methuen-hispanic,2022-01,0.45
Methuen-white,2022-01,0.62
Milford-asian,2022-01,0.54
Milford-black,2022-01,0.65
Milford-hispanic,2022-01,0.92
Milford-white,2022-01,0.69
New Bedford-asian,2022-01,0.55
New Bedford-black,2022-01,0.57
New Bedford-hispanic,2022-01,0.47
New Bedford-white,2022-01,0.52
Peabody-asian,2022-01,0.64
Peabody-black,2022-01,0.6
Peabody-hispanic,2022-01,0.61
Peabody-white,2022-01,0.67
Revere-asian,2022-01,0.73
Revere-black,2022-01,0.54
Revere-hispanic,2022-01,0.65
Revere-white,2022-01,0.67
Southbridge-asian,2022-01,0.61
Southbridge-black,2022-01,0.54
Southbridge-hispanic,2022-01,0.74
Southbridge-white,2022-01,0.5
Springfield-asian,2022-01,0.61
Springfield-black,2022-01,0.5
Springfield-hispanic,2022-01,0.41
Springfield-white,2022-01,0.67
Waltham-asian,2022-01,0.62
Waltham-black,2022-01,0.66
Waltham-hispanic,2022-01,0.54
Waltham-white,2022-01,0.69
Worcester-asian,2022-01,0.66
Worcester-black,2022-01,0.51
Worcester-hispanic,2022-01,0.49
Worcester-white,2022-01,0.61
Bellingham-asian,2022-02,0.59
Bellingham-black,2022-02,0.61
Bellingham-hispanic,2022-02,0.75
Bellingham-white,2022-02,0.62
Chelsea-asian,2022-02,0.6
Chelsea-black,2022-02,0.54
Chelsea-hispanic,2022-02,0.68
Chelsea-white,2022-02,0.78
Chicopee-asian,2022-02,0.59
Chicopee-black,2022-02,0.51
Chicopee-hispanic,2022-02,0.45
Chicopee-white,2022-02,0.64
Everett-asian,2022-02,0.7
Everett-black,2022-02,0.4
Everett-hispanic,2022-02,0.6
Everett-white,2022-02,0.67
Fitchburg-asian,2022-02,0.67
Fitchburg-black,2022-02,0.52
Fitchburg-hispanic,2022-02,0.49
Fitchburg-white,2022-02,0.61
Haverhill-asian,2022-02,0.64
Haverhill-black,2022-02,0.61
Haverhill-hispanic,2022-02,0.45
Haverhill-white,2022-02,0.67
Holyoke-asian,2022-02,0.67
Holyoke-black,2022-02,0.59
Holyoke-hispanic,2022-02,0.44
Holyoke-white,2022-02,0.73
Lawrence-asian,2022-02,0.67
Lawrence-black,2022-02,1.0
Lawrence-hispanic,2022-02,0.48
Lawrence-white,2022-02,0.92
Leominster-asian,2022-02,0.7
Leominster-black,2022-02,0.61
Leominster-hispanic,2022-02,0.57
Leominster-white,2022-02,0.72
Lynn-asian,2022-02,0.7
Lynn-black,2022-02,0.54
Lynn-hispanic,2022-02,0.53
Lynn-white,2022-02,0.75
Marlborough-asian,2022-02,0.56
Marlborough-black,2022-02,0.59
Marlborough-hispanic,2022-02,0.9
Marlborough-white,2022-02,0.64
Methuen-asian,2022-02,0.59
Methuen-black,2022-02,0.67
Methuen-hispanic,2022-02,0.47
Methuen-white,2022-02,0.63
Milford-asian,2022-02,0.55
Milford-black,2022-02,0.65
Milford-hispanic,2022-02,0.96
Milford-white,2022-02,0.69
New Bedford-asian,2022-02,0.56
New Bedford-black,2022-02,0.59
New Bedford-hispanic,2022-02,0.5
New Bedford-white,2022-02,0.53
Peabody-asian,2022-02,0.66
Peabody-black,2022-02,0.64
Peabody-hispanic,2022-02,0.64
Peabody-white,2022-02,0.69
Revere-asian,2022-02,0.74
Revere-black,2022-02,0.56
Revere-hispanic,2022-02,0.68
Revere-white,2022-02,0.68
Southbridge-asian,2022-02,0.61
Southbridge-black,2022-02,0.55
Southbridge-hispanic,2022-02,0.74
Southbridge-white,2022-02,0.51
Springfield-asian,2022-02,0.62
Springfield-black,2022-02,0.52
Springfield-hispanic,2022-02,0.43
Springfield-white,2022-02,0.68
Waltham-asian,2022-02,0.64
Waltham-black,2022-02,0.68
Waltham-hispanic,2022-02,0.56
Waltham-white,2022-02,0.69
Worcester-asian,2022-02,0.68
Worcester-black,2022-02,0.53
Worcester-hispanic,2022-02,0.51
Worcester-white,2022-02,0.62
Bellingham-asian,2022-03,0.59
Bellingham-black,2022-03,0.61
Bellingham-hispanic,2022-03,0.75
Bellingham-white,2022-03,0.63
Chelsea-asian,2022-03,0.6
Chelsea-black,2022-03,0.55
Chelsea-hispanic,2022-03,0.69
Chelsea-white,2022-03,0.78
Chicopee-asian,2022-03,0.59
Chicopee-black,2022-03,0.52
Chicopee-hispanic,2022-03,0.46
Chicopee-white,2022-03,0.65
Everett-asian,2022-03,0.71
Everett-black,2022-03,0.41
Everett-hispanic,2022-03,0.61
Everett-white,2022-03,0.68
Fitchburg-asian,2022-03,0.69
Fitchburg-black,2022-03,0.54
Fitchburg-hispanic,2022-03,0.5
Fitchburg-white,2022-03,0.62
Haverhill-asian,2022-03,0.65
Haverhill-black,2022-03,0.62
Haverhill-hispanic,2022-03,0.47
Haverhill-white,2022-03,0.67
Holyoke-asian,2022-03,0.69
Holyoke-black,2022-03,0.6
Holyoke-hispanic,2022-03,0.45
Holyoke-white,2022-03,0.74
Lawrence-asian,2022-03,0.67
Lawrence-black,2022-03,1.0
Lawrence-hispanic,2022-03,0.5
Lawrence-white,2022-03,0.92
Leominster-asian,2022-03,0.71
Leominster-black,2022-03,0.62
Leominster-hispanic,2022-03,0.58
Leominster-white,2022-03,0.73
Lynn-asian,2022-03,0.71
Lynn-black,2022-03,0.56
Lynn-hispanic,2022-03,0.55
Lynn-white,2022-03,0.76
Marlborough-asian,2022-03,0.57
Marlborough-black,2022-03,0.61
Marlborough-hispanic,2022-03,0.93
Marlborough-white,2022-03,0.65
Methuen-asian,2022-03,0.59
Methuen-black,2022-03,0.67
Methuen-hispanic,2022-03,0.49
Methuen-white,2022-03,0.63
Milford-asian,2022-03,0.55
Milford-black,2022-03,0.65
Milford-hispanic,2022-03,0.98
Milford-white,2022-03,0.7
New Bedford-asian,2022-03,0.56
New Bedford-black,2022-03,0.61
New Bedford-hispanic,2022-03,0.52
New Bedford-white,2022-03,0.53
Peabody-asian,2022-03,0.66
Peabody-black,2022-03,0.64
Peabody-hispanic,2022-03,0.66
Peabody-white,2022-03,0.69
Revere-asian,2022-03,0.75
Revere-black,2022-03,0.57
Revere-hispanic,2022-03,0.69
Revere-white,2022-03,0.69
Southbridge-asian,2022-03,0.62
Southbridge-black,2022-03,0.59
Southbridge-hispanic,2022-03,0.75
Southbridge-white,2022-03,0.53
Springfield-asian,2022-03,0.63
Springfield-black,2022-03,0.53
Springfield-hispanic,2022-03,0.44
Springfield-white,2022-03,0.68
Waltham-asian,2022-03,0.64
Waltham-black,2022-03,0.69
Waltham-hispanic,2022-03,0.57
Waltham-white,2022-03,0.7
Worcester-asian,2022-03,0.68
Worcester-black,2022-03,0.54
Worcester-hispanic,2022-03,0.53
Worcester-white,2022-03,0.62
Bellingham-asian,2022-04,0.61
Bellingham-black,2022-04,0.61
Bellingham-hispanic,2022-04,0.75
Bellingham-white,2022-04,0.63
Chelsea-asian,2022-04,0.6
Chelsea-black,2022-04,0.55
Chelsea-hispanic,2022-04,0.7
Chelsea-white,2022-04,0.78
Chicopee-asian,2022-04,0.59
Chicopee-black,2022-04,0.53
Chicopee-hispanic,2022-04,0.46
Chicopee-white,2022-04,0.65
Everett-asian,2022-04,0.71
Everett-black,2022-04,0.42
Everett-hispanic,2022-04,0.61
Everett-white,2022-04,0.68
Fitchburg-asian,2022-04,0.69
Fitchburg-black,2022-04,0.54
Fitchburg-hispanic,2022-04,0.51
Fitchburg-white,2022-04,0.62
Haverhill-asian,2022-04,0.65
Haverhill-black,2022-04,0.63
Haverhill-hispanic,2022-04,0.48
Haverhill-white,2022-04,0.68
Holyoke-asian,2022-04,0.69
Holyoke-black,2022-04,0.61
Holyoke-hispanic,2022-04,0.46
Holyoke-white,2022-04,0.74
Lawrence-asian,2022-04,0.67
Lawrence-black,2022-04,1.0
Lawrence-hispanic,2022-04,0.51
Lawrence-white,2022-04,0.92
Leominster-asian,2022-04,0.71
Leominster-black,2022-04,0.63
Leominster-hispanic,2022-04,0.59
Leominster-white,2022-04,0.73
Lynn-asian,2022-04,0.71
Lynn-black,2022-04,0.56
Lynn-hispanic,2022-04,0.55
Lynn-white,2022-04,0.76
Marlborough-asian,2022-04,0.57
Marlborough-black,2022-04,0.61
Marlborough-hispanic,2022-04,0.93
Marlborough-white,2022-04,0.65
Methuen-asian,2022-04,0.59
Methuen-black,2022-04,0.67
Methuen-hispanic,2022-04,0.5
Methuen-white,2022-04,0.63
Milford-asian,2022-04,0.55
Milford-black,2022-04,0.65
Milford-hispanic,2022-04,0.99
Milford-white,2022-04,0.7
New Bedford-asian,2022-04,0.56
New Bedford-black,2022-04,0.62
New Bedford-hispanic,2022-04,0.53
New Bedford-white,2022-04,0.54
Peabody-asian,2022-04,0.67
Peabody-black,2022-04,0.65
Peabody-hispanic,2022-04,0.67
Peabody-white,2022-04,0.69
Revere-asian,2022-04,0.75
Revere-black,2022-04,0.58
Revere-hispanic,2022-04,0.7
Revere-white,2022-04,0.69
Southbridge-asian,2022-04,0.62
Southbridge-black,2022-04,0.6
Southbridge-hispanic,2022-04,0.75
Southbridge-white,2022-04,0.53
Springfield-asian,2022-04,0.64
Springfield-black,2022-04,0.54
Springfield-hispanic,2022-04,0.45
Springfield-white,2022-04,0.69
Waltham-asian,2022-04,0.64
Waltham-black,2022-04,0.7
Waltham-hispanic,2022-04,0.58
Waltham-white,2022-04,0.7
Worcester-asian,2022-04,0.69
Worcester-black,2022-04,0.55
Worcester-hispanic,2022-04,0.53
Worcester-white,2022-04,0.62
Bellingham-asian,2022-05,0.61
Bellingham-black,2022-05,0.61
Bellingham-hispanic,2022-05,0.75
Bellingham-white,2022-05,0.63
Chelsea-asian,2022-05,0.6
Chelsea-black,2022-05,0.56
Chelsea-hispanic,2022-05,0.7
Chelsea-white,2022-05,0.79
Chicopee-asian,2022-05,0.59
Chicopee-black,2022-05,0.54
Chicopee-hispanic,2022-05,0.47
Chicopee-white,2022-05,0.66
Everett-asian,2022-05,0.72
Everett-black,2022-05,0.42
Everett-hispanic,2022-05,0.62
Everett-white,2022-05,0.68
Fitchburg-asian,2022-05,0.69
Fitchburg-black,2022-05,0.55
Fitchburg-hispanic,2022-05,0.51
Fitchburg-white,2022-05,0.62
Haverhill-asian,2022-05,0.66
Haverhill-black,2022-05,0.63
Haverhill-hispanic,2022-05,0.49
Haverhill-white,2022-05,0.68
Holyoke-asian,2022-05,0.69
Holyoke-black,2022-05,0.62
Holyoke-hispanic,2022-05,0.47
Holyoke-white,2022-05,0.75
Lawrence-asian,2022-05,0.67
Lawrence-black,2022-05,1.0
Lawrence-hispanic,2022-05,0.51
Lawrence-white,2022-05,0.92
Leominster-asian,2022-05,0.72
Leominster-black,2022-05,0.64
Leominster-hispanic,2022-05,0.59
Leominster-white,2022-05,0.73
Lynn-asian,2022-05,0.71
Lynn-black,2022-05,0.57
Lynn-hispanic,2022-05,0.56
Lynn-white,2022-05,0.77
Marlborough-asian,2022-05,0.57
Marlborough-black,2022-05,0.62
Marlborough-hispanic,2022-05,0.94
Marlborough-white,2022-05,0.65
Methuen-asian,2022-05,0.6
Methuen-black,2022-05,0.67
Methuen-hispanic,2022-05,0.51
Methuen-white,2022-05,0.64
Milford-asian,2022-05,0.56
Milford-black,2022-05,0.65
Milford-hispanic,2022-05,1.0
Milford-white,2022-05,0.7
New Bedford-asian,2022-05,0.56
New Bedford-black,2022-05,0.62
New Bedford-hispanic,2022-05,0.54
New Bedford-white,2022-05,0.54
Peabody-asian,2022-05,0.67
Peabody-black,2022-05,0.65
Peabody-hispanic,2022-05,0.67
Peabody-white,2022-05,0.7
Revere-asian,2022-05,0.75
Revere-black,2022-05,0.59
Revere-hispanic,2022-05,0.7
Revere-white,2022-05,0.69
Southbridge-asian,2022-05,0.62
Southbridge-black,2022-05,0.61
Southbridge-hispanic,2022-05,0.75
Southbridge-white,2022-05,0.54
Springfield-asian,2022-05,0.64
Springfield-black,2022-05,0.55
Springfield-hispanic,2022-05,0.45
Springfield-white,2022-05,0.7
Waltham-asian,2022-05,0.65
Waltham-black,2022-05,0.7
Waltham-hispanic,2022-05,0.58
Waltham-white,2022-05,0.7
Worcester-asian,2022-05,0.69
Worcester-black,2022-05,0.56
Worcester-hispanic,2022-05,0.54
Worcester-white,2022-05,0.63
Bellingham-asian,2022-06,0.61
Bellingham-black,2022-06,0.61
Bellingham-hispanic,2022-06,0.75
Bellingham-white,2022-06,0.63
Chelsea-asian,2022-06,0.6
Chelsea-black,2022-06,0.56
Chelsea-hispanic,2022-06,0.71
Chelsea-white,2022-06,0.79
Chicopee-asian,2022-06,0.59
Chicopee-black,2022-06,0.55
Chicopee-hispanic,2022-06,0.47
Chicopee-white,2022-06,0.66
Everett-asian,2022-06,0.72
Everett-black,2022-06,0.42
Everett-hispanic,2022-06,0.62
Everett-white,2022-06,0.69
Fitchburg-asian,2022-06,0.7
Fitchburg-black,2022-06,0.55
Fitchburg-hispanic,2022-06,0.52
Fitchburg-white,2022-06,0.63
Haverhill-asian,2022-06,0.66
Haverhill-black,2022-06,0.63
Haverhill-hispanic,2022-06,0.49
Haverhill-white,2022-06,0.68
Holyoke-asian,2022-06,0.7
Holyoke-black,2022-06,0.62
Holyoke-hispanic,2022-06,0.47
Holyoke-white,2022-06,0.75
Lawrence-asian,2022-06,0.67
Lawrence-black,2022-06,1.0
Lawrence-hispanic,2022-06,0.51
Lawrence-white,2022-06,0.92
Leominster-asian,2022-06,0.72
Leominster-black,2022-06,0.64
Leominster-hispanic,2022-06,0.59
Leominster-white,2022-06,0.74
Lynn-asian,2022-06,0.72
Lynn-black,2022-06,0.57
Lynn-hispanic,2022-06,0.56
Lynn-white,2022-06,0.77
Marlborough-asian,2022-06,0.57
Marlborough-black,2022-06,0.62
Marlborough-hispanic,2022-06,0.94
Marlborough-white,2022-06,0.66
Methuen-asian,2022-06,0.6
Methuen-black,2022-06,0.67
Methuen-hispanic,2022-06,0.51
Methuen-white,2022-06,0.64
Milford-asian,2022-06,0.56
Milford-black,2022-06,0.65
Milford-hispanic,2022-06,1.0
Milford-white,2022-06,0.71
New Bedford-asian,2022-06,0.56
New Bedford-black,2022-06,0.63
New Bedford-hispanic,2022-06,0.54
New Bedford-white,2022-06,0.54
Peabody-asian,2022-06,0.67
Peabody-black,2022-06,0.65
Peabody-hispanic,2022-06,0.68
Peabody-white,2022-06,0.7
Revere-asian,2022-06,0.76
Revere-black,2022-06,0.59
Revere-hispanic,2022-06,0.7
Revere-white,2022-06,0.69
Southbridge-asian,2022-06,0.62
Southbridge-black,2022-06,0.61
Southbridge-hispanic,2022-06,0.75
Southbridge-white,2022-06,0.54
Springfield-asian,2022-06,0.64
Springfield-black,2022-06,0.55
Springfield-hispanic,2022-06,0.45
Springfield-white,2022-06,0.7
Waltham-asian,2022-06,0.65
Waltham-black,2022-06,0.7
Waltham-hispanic,2022-06,0.59
Waltham-white,2022-06,0.7
Worcester-asian,2022-06,0.69
Worcester-black,2022-06,0.56
Worcester-hispanic,2022-06,0.54
Worcester-white,2022-06,0.63
Bellingham-asian,2022-07,0.61
Bellingham-black,2022-07,0.7
Bellingham-hispanic,2022-07,0.85
Bellingham-white,2022-07,0.63
Chelsea-asian,2022-07,0.83
Chelsea-black,2022-07,0.56
Chelsea-hispanic,2022-07,0.71
Chelsea-white,2022-07,0.79
Chicopee-asian,2022-07,0.59
Chicopee-black,2022-07,0.55
Chicopee-hispanic,2022-07,0.47
Chicopee-white,2022-07,0.66
Everett-asian,2022-07,0.72
Everett-black,2022-07,0.43
Everett-hispanic,2022-07,0.62
Everett-white,2022-07,0.69
Fitchburg-asian,2022-07,0.7
Fitchburg-black,2022-07,0.55
Fitchburg-hispanic,2022-07,0.52
Fitchburg-white,2022-07,0.63
Haverhill-asian,2022-07,0.66
Haverhill-black,2022-07,0.63
Haverhill-hispanic,2022-07,0.49
Haverhill-white,2022-07,0.68
Holyoke-asian,2022-07,0.7
Holyoke-black,2022-07,0.63
Holyoke-hispanic,2022-07,0.47
Holyoke-white,2022-07,0.75
Lawrence-asian,2022-07,0.68
Lawrence-black,2022-07,1.0
Lawrence-hispanic,2022-07,0.51
Lawrence-white,2022-07,1.0
Leominster-asian,2022-07,0.72
Leominster-black,2022-07,0.65
Leominster-hispanic,2022-07,0.6
Leominster-white,2022-07,0.74
Lynn-asian,2022-07,0.72
Lynn-black,2022-07,0.58
Lynn-hispanic,2022-07,0.56
Lynn-white,2022-07,0.77
Marlborough-asian,2022-07,0.57
Marlborough-black,2022-07,0.63
Marlborough-hispanic,2022-07,0.94
Marlborough-white,2022-07,0.66
Methuen-asian,2022-07,0.6
Methuen-black,2022-07,0.77
Methuen-hispanic,2022-07,0.52
Methuen-white,2022-07,0.64
Milford-asian,2022-07,0.57
Milford-black,2022-07,0.74
Milford-hispanic,2022-07,1.0
Milford-white,2022-07,0.71
New Bedford-asian,2022-07,0.57
New Bedford-black,2022-07,0.63
New Bedford-hispanic,2022-07,0.55
New Bedford-white,2022-07,0.54
Peabody-asian,2022-07,0.67
Peabody-black,2022-07,0.66
Peabody-hispanic,2022-07,0.68
Peabody-white,2022-07,0.7
Revere-asian,2022-07,0.76
Revere-black,2022-07,0.59
Revere-hispanic,2022-07,0.71
Revere-white,2022-07,0.7
Southbridge-asian,2022-07,0.63
Southbridge-black,2022-07,0.62
Southbridge-hispanic,2022-07,0.75
Southbridge-white,2022-07,0.54
Springfield-asian,2022-07,0.64
Springfield-black,2022-07,0.55
Springfield-hispanic,2022-07,0.46
Springfield-white,2022-07,0.7
Waltham-asian,2022-07,0.65
Waltham-black,2022-07,0.7
Waltham-hispanic,2022-07,0.59
Waltham-white,2022-07,0.71
Worcester-asian,2022-07,0.69
Worcester-black,2022-07,0.57
Worcester-hispanic,2022-07,0.55
Worcester-white,2022-07,0.63
Bellingham-asian,2022-08,0.61
Bellingham-black,2022-08,0.71
Bellingham-hispanic,2022-08,0.86
Bellingham-white,2022-08,0.63
Chelsea-asian,2022-08,0.83
Chelsea-black,2022-08,0.57
Chelsea-hispanic,2022-08,0.72
Chelsea-white,2022-08,0.8
Chicopee-asian,2022-08,0.59
Chicopee-black,2022-08,0.55
Chicopee-hispanic,2022-08,0.47
Chicopee-white,2022-08,0.66
Everett-asian,2022-08,0.73
Everett-black,2022-08,0.43
Everett-hispanic,2022-08,0.62
Everett-white,2022-08,0.69
Fitchburg-asian,2022-08,0.7
Fitchburg-black,2022-08,0.56
Fitchburg-hispanic,2022-08,0.52
Fitchburg-white,2022-08,0.63
Haverhill-asian,2022-08,0.66
Haverhill-black,2022-08,0.64
Haverhill-hispanic,2022-08,0.5
Haverhill-white,2022-08,0.69
Holyoke-asian,2022-08,0.7
Holyoke-black,2022-08,0.63
Holyoke-hispanic,2022-08,0.48
Holyoke-white,2022-08,0.76
Lawrence-asian,2022-08,0.68
Lawrence-black,2022-08,1.0
Lawrence-hispanic,2022-08,0.52
Lawrence-white,2022-08,1.0
Leominster-asian,2022-08,0.72
Leominster-black,2022-08,0.65
Leominster-hispanic,2022-08,0.6
Leominster-white,2022-08,0.74
Lynn-asian,2022-08,0.72
Lynn-black,2022-08,0.58
Lynn-hispanic,2022-08,0.56
Lynn-white,2022-08,0.77
Marlborough-asian,2022-08,0.57
Marlborough-black,2022-08,0.63
Marlborough-hispanic,2022-08,0.94
Marlborough-white,2022-08,0.66
Methuen-asian,2022-08,0.6
Methuen-black,2022-08,0.78
Methuen-hispanic,2022-08,0.52
Methuen-white,2022-08,0.64
Milford-asian,2022-08,0.57
Milford-black,2022-08,0.74
Milford-hispanic,2022-08,1.0
Milford-white,2022-08,0.71
New Bedford-asian,2022-08,0.57
New Bedford-black,2022-08,0.63
New Bedford-hispanic,2022-08,0.56
New Bedford-white,2022-08,0.54
Peabody-asian,2022-08,0.68
Peabody-black,2022-08,0.66
Peabody-hispanic,2022-08,0.69
Peabody-white,2022-08,0.7
Revere-asian,2022-08,0.76
Revere-black,2022-08,0.6
Revere-hispanic,2022-08,0.71
Revere-white,2022-08,0.7
Southbridge-asian,2022-08,0.63
Southbridge-black,2022-08,0.62
Southbridge-hispanic,2022-08,0.75
Southbridge-white,2022-08,0.54
Springfield-asian,2022-08,0.64
Springfield-black,2022-08,0.56
Springfield-hispanic,2022-08,0.46
Springfield-white,2022-08,0.7
Waltham-asian,2022-08,0.65
Waltham-black,2022-08,0.71
Waltham-hispanic,2022-08,0.59
Waltham-white,2022-08,0.71
Worcester-asian,2022-08,0.69
Worcester-black,2022-08,0.57
Worcester-hispanic,2022-08,0.55
Worcester-white,2022-08,0.63
Bellingham-asian,2022-09,0.61
Bellingham-black,2022-09,0.73
Bellingham-hispanic,2022-09,0.87
Bellingham-white,2022-09,0.64
Chelsea-asian,2022-09,0.83
Chelsea-black,2022-09,0.58
Chelsea-hispanic,2022-09,0.73
Chelsea-white,2022-09,0.81
Chicopee-asian,2022-09,0.6
Chicopee-black,2022-09,0.56
Chicopee-hispanic,2022-09,0.47
Chicopee-white,2022-09,0.67
Everett-asian,2022-09,0.73
Everett-black,2022-09,0.44
Everett-hispanic,2022-09,0.63
Everett-white,2022-09,0.71
Fitchburg-asian,2022-09,0.7
Fitchburg-black,2022-09,0.56
Fitchburg-hispanic,2022-09,0.52
Fitchburg-white,2022-09,0.63
Haverhill-asian,2022-09,0.66
Haverhill-black,2022-09,0.65
Haverhill-hispanic,2022-09,0.5
Haverhill-white,2022-09,0.69
Holyoke-asian,2022-09,0.71
Holyoke-black,2022-09,0.63
Holyoke-hispanic,2022-09,0.48
Holyoke-white,2022-09,0.76
Lawrence-asian,2022-09,0.68
Lawrence-black,2022-09,1.0
Lawrence-hispanic,2022-09,0.52
Lawrence-white,2022-09,1.0
Leominster-asian,2022-09,0.73
Leominster-black,2022-09,0.65
Leominster-hispanic,2022-09,0.6
Leominster-white,2022-09,0.75
Lynn-asian,2022-09,0.76
Lynn-black,2022-09,0.6
Lynn-hispanic,2022-09,0.63
Lynn-white,2022-09,0.79
Marlborough-asian,2022-09,0.58
Marlborough-black,2022-09,0.64
Marlborough-hispanic,2022-09,0.94
Marlborough-white,2022-09,0.67
Methuen-asian,2022-09,0.6
Methuen-black,2022-09,0.78
Methuen-hispanic,2022-09,0.53
Methuen-white,2022-09,0.64
Milford-asian,2022-09,0.57
Milford-black,2022-09,0.75
Milford-hispanic,2022-09,1.0
Milford-white,2022-09,0.71
New Bedford-asian,2022-09,0.57
New Bedford-black,2022-09,0.63
New Bedford-hispanic,2022-09,0.56
New Bedford-white,2022-09,0.54
Peabody-asian,2022-09,0.68
Peabody-black,2022-09,0.68
Peabody-hispanic,2022-09,0.71
Peabody-white,2022-09,0.71
Revere-asian,2022-09,0.77
Revere-black,2022-09,0.61
Revere-hispanic,2022-09,0.72
Revere-white,2022-09,0.71
Southbridge-asian,2022-09,0.63
Southbridge-black,2022-09,0.62
Southbridge-hispanic,2022-09,0.75
Southbridge-white,2022-09,0.55
Springfield-asian,2022-09,0.67
Springfield-black,2022-09,0.57
Springfield-hispanic,2022-09,0.47
Springfield-white,2022-09,0.71
Waltham-asian,2022-09,0.66
Waltham-black,2022-09,0.71
Waltham-hispanic,2022-09,0.59
Waltham-white,2022-09,0.72
Worcester-asian,2022-09,0.7
Worcester-black,2022-09,0.57
Worcester-hispanic,2022-09,0.56
Worcester-white,2022-09,0.64
Bellingham-asian,2022-10,0.62
Bellingham-black,2022-10,0.73
Bellingham-hispanic,2022-10,0.9
Bellingham-white,2022-10,0.64
Chelsea-asian,2022-10,0.84
Chelsea-black,2022-10,0.58
Chelsea-hispanic,2022-10,0.73
Chelsea-white,2022-10,0.81
Chicopee-asian,2022-10,0.6
Chicopee-black,2022-10,0.56
Chicopee-hispanic,2022-10,0.48
Chicopee-white,2022-10,0.67
Everett-asian,2022-10,0.74
Everett-black,2022-10,0.44
Everett-hispanic,2022-10,0.64
Everett-white,2022-10,0.71
Fitchburg-asian,2022-10,0.7
Fitchburg-black,2022-10,0.56
Fitchburg-hispanic,2022-10,0.52
Fitchburg-white,2022-10,0.64
Haverhill-asian,2022-10,0.66
Haverhill-black,2022-10,0.65
Haverhill-hispanic,2022-10,0.51
Haverhill-white,2022-10,0.69
Holyoke-asian,2022-10,0.71
Holyoke-black,2022-10,0.64
Holyoke-hispanic,2022-10,0.48
Holyoke-white,2022-10,0.77
Lawrence-asian,2022-10,0.68
Lawrence-black,2022-10,1.0
Lawrence-hispanic,2022-10,0.53
Lawrence-white,2022-10,1.0
Leominster-asian,2022-10,0.73
Leominster-black,2022-10,0.66
Leominster-hispanic,2022-10,0.6
Leominster-white,2022-10,0.75
Lynn-asian,2022-10,0.76
Lynn-black,2022-10,0.61
Lynn-hispanic,2022-10,0.64
Lynn-white,2022-10,0.8
Marlborough-asian,2022-10,0.58
Marlborough-black,2022-10,0.65
Marlborough-hispanic,2022-10,0.94
Marlborough-white,2022-10,0.67
Methuen-asian,2022-10,0.61
Methuen-black,2022-10,0.79
Methuen-hispanic,2022-10,0.54
Methuen-white,2022-10,0.65
Milford-asian,2022-10,0.58
Milford-black,2022-10,0.75
Milford-hispanic,2022-10,1.0
Milford-white,2022-10,0.72
New Bedford-asian,2022-10,0.57
New Bedford-black,2022-10,0.63
New Bedford-hispanic,2022-10,0.57
New Bedford-white,2022-10,0.55
Peabody-asian,2022-10,0.69
Peabody-black,2022-10,0.68
Peabody-hispanic,2022-10,0.71
Peabody-white,2022-10,0.71
Revere-asian,2022-10,0.78
Revere-black,2022-10,0.61
Revere-hispanic,2022-10,0.72
Revere-white,2022-10,0.71
Southbridge-asian,2022-10,0.63
Southbridge-black,2022-10,0.62
Southbridge-hispanic,2022-10,0.76
Southbridge-white,2022-10,0.55
Springfield-asian,2022-10,0.67
Springfield-black,2022-10,0.57
Springfield-hispanic,2022-10,0.47
Springfield-white,2022-10,0.72
Waltham-asian,2022-10,0.67
Waltham-black,2022-10,0.72
Waltham-hispanic,2022-10,0.6
Waltham-white,2022-10,0.72
Worcester-asian,2022-10,0.7
Worcester-black,2022-10,0.58
Worcester-hispanic,2022-10,0.56
Worcester-white,2022-10,0.64
Bellingham-asian,2022-11,0.63
Bellingham-black,2022-11,0.73
Bellingham-hispanic,2022-11,0.9
Bellingham-white,2022-11,0.64
Chelsea-asian,2022-11,0.85
Chelsea-black,2022-11,0.59
Chelsea-hispanic,2022-11,0.74
Chelsea-white,2022-11,0.82
Chicopee-asian,2022-11,0.6
Chicopee-black,2022-11,0.56
Chicopee-hispanic,2022-11,0.48
Chicopee-white,2022-11,0.67
Everett-asian,2022-11,0.74
Everett-black,2022-11,0.44
Everett-hispanic,2022-11,0.64
Everett-white,2022-11,0.72
Fitchburg-asian,2022-11,0.7
Fitchburg-black,2022-11,0.57
Fitchburg-hispanic,2022-11,0.53
Fitchburg-white,2022-11,0.64
Haverhill-asian,2022-11,0.66
Haverhill-black,2022-11,0.65
Haverhill-hispanic,2022-11,0.51
Haverhill-white,2022-11,0.7
Holyoke-asian,2022-11,0.71
Holyoke-black,2022-11,0.64
Holyoke-hispanic,2022-11,0.48
Holyoke-white,2022-11,0.78
Lawrence-asian,2022-11,0.68
Lawrence-black,2022-11,1.0
Lawrence-hispanic,2022-11,0.53
Lawrence-white,2022-11,1.0
Leominster-asian,2022-11,0.73
Leominster-black,2022-11,0.66
Leominster-hispanic,2022-11,0.6
Leominster-white,2022-11,0.75
Lynn-asian,2022-11,0.77
Lynn-black,2022-11,0.61
Lynn-hispanic,2022-11,0.64
Lynn-white,2022-11,0.8
Marlborough-asian,2022-11,0.58
Marlborough-black,2022-11,0.65
Marlborough-hispanic,2022-11,0.94
Marlborough-white,2022-11,0.68
Methuen-asian,2022-11,0.61
Methuen-black,2022-11,0.79
Methuen-hispanic,2022-11,0.54
Methuen-white,2022-11,0.65
Milford-asian,2022-11,0.59
Milford-black,2022-11,0.75
Milford-hispanic,2022-11,1.0
Milford-white,2022-11,0.72
New Bedford-asian,2022-11,0.57
New Bedford-black,2022-11,0.63
New Bedford-hispanic,2022-11,0.57
New Bedford-white,2022-11,0.55
Peabody-asian,2022-11,0.7
Peabody-black,2022-11,0.69
Peabody-hispanic,2022-11,0.72
Peabody-white,2022-11,0.72
Revere-asian,2022-11,0.78
Revere-black,2022-11,0.61
Revere-hispanic,2022-11,0.73
Revere-white,2022-11,0.71
Southbridge-asian,2022-11,0.63
Southbridge-black,2022-11,0.63
Southbridge-hispanic,2022-11,0.77
Southbridge-white,2022-11,0.55
Springfield-asian,2022-11,0.67
Springfield-black,2022-11,0.57
Springfield-hispanic,2022-11,0.47
Springfield-white,2022-11,0.72
Waltham-asian,2022-11,0.68
Waltham-black,2022-11,0.72
Waltham-hispanic,2022-11,0.6
Waltham-white,2022-11,0.73
Worcester-asian,2022-11,0.7
Worcester-black,2022-11,0.58
Worcester-hispanic,2022-11,0.56
Worcester-white,2022-11,0.64
Bellingham-asian,2022-12,0.64
Bellingham-black,2022-12,0.73
Bellingham-hispanic,2022-12,0.9
Bellingham-white,2022-12,0.64
Chelsea-asian,2022-12,0.85
Chelsea-black,2022-12,0.59
Chelsea-hispanic,2022-12,0.74
Chelsea-white,2022-12,0.83
Chicopee-asian,2022-12,0.6
Chicopee-black,2022-12,0.57
Chicopee-hispanic,2022-12,0.48
Chicopee-white,2022-12,0.68
Everett-asian,2022-12,0.75
Everett-black,2022-12,0.44
Everett-hispanic,2022-12,0.64
Everett-white,2022-12,0.72
Fitchburg-asian,2022-12,0.7
Fitchburg-black,2022-12,0.57
Fitchburg-hispanic,2022-12,0.53
Fitchburg-white,2022-12,0.64
Haverhill-asian,2022-12,0.66
Haverhill-black,2022-12,0.65
Haverhill-hispanic,2022-12,0.51
Haverhill-white,2022-12,0.7
Holyoke-asian,2022-12,0.71
Holyoke-black,2022-12,0.65
Holyoke-hispanic,2022-12,0.48
Holyoke-white,2022-12,0.78
Lawrence-asian,2022-12,0.68
Lawrence-black,2022-12,1.0
Lawrence-hispanic,2022-12,0.53
Lawrence-white,2022-12,1.0
Leominster-asian,2022-12,0.74
Leominster-black,2022-12,0.67
Leominster-hispanic,2022-12,0.61
Leominster-white,2022-12,0.75
Lynn-asian,2022-12,0.77
Lynn-black,2022-12,0.61
Lynn-hispanic,2022-12,0.64
Lynn-white,2022-12,0.8
Marlborough-asian,2022-12,0.58
Marlborough-black,2022-12,0.65
Marlborough-hispanic,2022-12,0.94
Marlborough-white,2022-12,0.68
Methuen-asian,2022-12,0.61
Methuen-black,2022-12,0.8
Methuen-hispanic,2022-12,0.54
Methuen-white,2022-12,0.65
Milford-asian,2022-12,0.6
Milford-black,2022-12,0.75
Milford-hispanic,2022-12,1.0
Milford-white,2022-12,0.73
New Bedford-asian,2022-12,0.57
New Bedford-black,2022-12,0.63
New Bedford-hispanic,2022-12,0.58
New Bedford-white,2022-12,0.55
Peabody-asian,2022-12,0.7
Peabody-black,2022-12,0.69
Peabody-hispanic,2022-12,0.72
Peabody-white,2022-12,0.72
Revere-asian,2022-12,0.79
Revere-black,2022-12,0.61
Revere-hispanic,2022-12,0.73
Revere-white,2022-12,0.71
Southbridge-asian,2022-12,0.63
Southbridge-black,2022-12,0.64
Southbridge-hispanic,2022-12,0.77
Southbridge-white,2022-12,0.55
Springfield-asian,2022-12,0.67
Springfield-black,2022-12,0.58
Springfield-hispanic,2022-12,0.47
Springfield-white,2022-12,0.73
Waltham-asian,2022-12,0.68
Waltham-black,2022-12,0.72
Waltham-hispanic,2022-12,0.6
Waltham-white,2022-12,0.73
Worcester-asian,2022-12,0.7
Worcester-black,2022-12,0.59
Worcester-hispanic,2022-12,0.57
Worcester-white,2022-12,0.64
Bellingham-asian,2023-01,0.65
Bellingham-black,2023-01,0.73
Bellingham-hispanic,2023-01,0.9
Bellingham-white,2023-01,0.65
Chelsea-asian,2023-01,0.86
Chelsea-black,2023-01,0.59
Chelsea-hispanic,2023-01,0.74
Chelsea-white,2023-01,0.83
Chicopee-asian,2023-01,0.6
Chicopee-black,2023-01,0.57
Chicopee-hispanic,2023-01,0.48
Chicopee-white,2023-01,0.68
Everett-asian,2023-01,0.75
Everett-black,2023-01,0.45
Everett-hispanic,2023-01,0.65
Everett-white,2023-01,0.72
Fitchburg-asian,2023-01,0.7
Fitchburg-black,2023-01,0.58
Fitchburg-hispanic,2023-01,0.53
Fitchburg-white,2023-01,0.64
Haverhill-asian,2023-01,0.67
Haverhill-black,2023-01,0.66
Haverhill-hispanic,2023-01,0.52
Haverhill-white,2023-01,0.7
Holyoke-asian,2023-01,0.71
Holyoke-black,2023-01,0.65
Holyoke-hispanic,2023-01,0.49
Holyoke-white,2023-01,0.78
Lawrence-asian,2023-01,0.68
Lawrence-black,2023-01,1.0
Lawrence-hispanic,2023-01,0.54
Lawrence-white,2023-01,1.0
Leominster-asian,2023-01,0.74
Leominster-black,2023-01,0.67
Leominster-hispanic,2023-01,0.61
Leominster-white,2023-01,0.76
Lynn-asian,2023-01,0.77
Lynn-black,2023-01,0.62
Lynn-hispanic,2023-01,0.65
Lynn-white,2023-01,0.8
Marlborough-asian,2023-01,0.58
Marlborough-black,2023-01,0.65
Marlborough-hispanic,2023-01,0.94
Marlborough-white,2023-01,0.68
Methuen-asian,2023-01,0.62
Methuen-black,2023-01,0.8
Methuen-hispanic,2023-01,0.55
Methuen-white,2023-01,0.65
Milford-asian,2023-01,0.6
Milford-black,2023-01,0.75
Milford-hispanic,2023-01,1.0
Milford-white,2023-01,0.73
New Bedford-asian,2023-01,0.57
New Bedford-black,2023-01,0.63
New Bedford-hispanic,2023-01,0.58
New Bedford-white,2023-01,0.55
Peabody-asian,2023-01,0.7
Peabody-black,2023-01,0.69
Peabody-hispanic,2023-01,0.72
Peabody-white,2023-01,0.72
Revere-asian,2023-01,0.79
Revere-black,2023-01,0.61
Revere-hispanic,2023-01,0.74
Revere-white,2023-01,0.71
Southbridge-asian,2023-01,0.63
Southbridge-black,2023-01,0.64
Southbridge-hispanic,2023-01,0.77
Southbridge-white,2023-01,0.55
Springfield-asian,2023-01,0.67
Springfield-black,2023-01,0.58
Springfield-hispanic,2023-01,0.48
Springfield-white,2023-01,0.73
Waltham-asian,2023-01,0.69
Waltham-black,2023-01,0.72
Waltham-hispanic,2023-01,0.61
Waltham-white,2023-01,0.73
Worcester-asian,2023-01,0.7
Worcester-black,2023-01,0.59
Worcester-hispanic,2023-01,0.57
Worcester-white,2023-01,0.65
Bellingham-asian,2023-02,0.65
Bellingham-black,2023-02,0.73
Bellingham-hispanic,2023-02,0.9
Bellingham-white,2023-02,0.65
Chelsea-asian,2023-02,0.86
Chelsea-black,2023-02,0.59
Chelsea-hispanic,2023-02,0.74
Chelsea-white,2023-02,0.83
Chicopee-asian,2023-02,0.6
Chicopee-black,2023-02,0.57
Chicopee-hispanic,2023-02,0.49
Chicopee-white,2023-02,0.68
Everett-asian,2023-02,0.75
Everett-black,2023-02,0.45
Everett-hispanic,2023-02,0.66
Everett-white,2023-02,0.72
Fitchburg-asian,2023-02,0.7
Fitchburg-black,2023-02,0.59
Fitchburg-hispanic,2023-02,0.54
Fitchburg-white,2023-02,0.65
Haverhill-asian,2023-02,0.67
Haverhill-black,2023-02,0.66
Haverhill-hispanic,2023-02,0.52
Haverhill-white,2023-02,0.7
Holyoke-asian,2023-02,0.71
Holyoke-black,2023-02,0.66
Holyoke-hispanic,2023-02,0.49
Holyoke-white,2023-02,0.79
Lawrence-asian,2023-02,0.68
Lawrence-black,2023-02,1.0
Lawrence-hispanic,2023-02,0.54
Lawrence-white,2023-02,1.0
Leominster-asian,2023-02,0.75
Leominster-black,2023-02,0.67
Leominster-hispanic,2023-02,0.61
Leominster-white,2023-02,0.76
Lynn-asian,2023-02,0.77
Lynn-black,2023-02,0.62
Lynn-hispanic,2023-02,0.65
Lynn-white,2023-02,0.8
Marlborough-asian,2023-02,0.58
Marlborough-black,2023-02,0.65
Marlborough-hispanic,2023-02,0.94
Marlborough-white,2023-02,0.68
Methuen-asian,2023-02,0.62
Methuen-black,2023-02,0.8
Methuen-hispanic,2023-02,0.55
Methuen-white,2023-02,0.65
Milford-asian,2023-02,0.6
Milford-black,2023-02,0.75
Milford-hispanic,2023-02,1.0
Milford-white,2023-02,0.73
New Bedford-asian,2023-02,0.57
New Bedford-black,2023-02,0.63
New Bedford-hispanic,2023-02,0.58
New Bedford-white,2023-02,0.55
Peabody-asian,2023-02,0.7
Peabody-black,2023-02,0.7
Peabody-hispanic,2023-02,0.72
Peabody-white,2023-02,0.72
Revere-asian,2023-02,0.79
Revere-black,2023-02,0.61
Revere-hispanic,2023-02,0.74
Revere-white,2023-02,0.71
Southbridge-asian,2023-02,0.63
Southbridge-black,2023-02,0.65
Southbridge-hispanic,2023-02,0.78
Southbridge-white,2023-02,0.55
Springfield-asian,2023-02,0.67
Springfield-black,2023-02,0.58
Springfield-hispanic,2023-02,0.48
Springfield-white,2023-02,0.73
Waltham-asian,2023-02,0.69
Waltham-black,2023-02,0.72
Waltham-hispanic,2023-02,0.61
Waltham-white,2023-02,0.73
Worcester-asian,2023-02,0.71
Worcester-black,2023-02,0.59
Worcester-hispanic,2023-02,0.57
Worcester-white,2023-02,0.65
Bellingham-asian,2023-03,0.65
Bellingham-black,2023-03,0.73
Bellingham-hispanic,2023-03,0.9
Bellingham-white,2023-03,0.65
Chelsea-asian,2023-03,0.86
Chelsea-black,2023-03,0.6
Chelsea-hispanic,2023-03,0.75
Chelsea-white,2023-03,0.83
Chicopee-asian,2023-03,0.6
Chicopee-black,2023-03,0.58
Chicopee-hispanic,2023-03,0.49
Chicopee-white,2023-03,0.68
Everett-asian,2023-03,0.75
Everett-black,2023-03,0.45
Everett-hispanic,2023-03,0.66
Everett-white,2023-03,0.72
Fitchburg-asian,2023-03,0.71
Fitchburg-black,2023-03,0.59
Fitchburg-hispanic,2023-03,0.54
Fitchburg-white,2023-03,0.65
Haverhill-asian,2023-03,0.67
Haverhill-black,2023-03,0.66
Haverhill-hispanic,2023-03,0.53
Haverhill-white,2023-03,0.7
Holyoke-asian,2023-03,0.71
Holyoke-black,2023-03,0.66
Holyoke-hispanic,2023-03,0.49
Holyoke-white,2023-03,0.79
Lawrence-asian,2023-03,0.68
Lawrence-black,2023-03,1.0
Lawrence-hispanic,2023-03,0.55
Lawrence-white,2023-03,1.0
Leominster-asian,2023-03,0.75
Leominster-black,2023-03,0.67
Leominster-hispanic,2023-03,0.62
Leominster-white,2023-03,0.76
Lynn-asian,2023-03,0.77
Lynn-black,2023-03,0.62
Lynn-hispanic,2023-03,0.65
Lynn-white,2023-03,0.8
Marlborough-asian,2023-03,0.58
Marlborough-black,2023-03,0.65
Marlborough-hispanic,2023-03,0.94
Marlborough-white,2023-03,0.68
Methuen-asian,2023-03,0.62
Methuen-black,2023-03,0.8
Methuen-hispanic,2023-03,0.56
Methuen-white,2023-03,0.65
Milford-asian,2023-03,0.61
Milford-black,2023-03,0.76
Milford-hispanic,2023-03,1.0
Milford-white,2023-03,0.73
New Bedford-asian,2023-03,0.57
New Bedford-black,2023-03,0.63
New Bedford-hispanic,2023-03,0.59
New Bedford-white,2023-03,0.55
Peabody-asian,2023-03,0.7
Peabody-black,2023-03,0.7
Peabody-hispanic,2023-03,0.72
Peabody-white,2023-03,0.72
Revere-asian,2023-03,0.79
Revere-black,2023-03,0.61
Revere-hispanic,2023-03,0.74
Revere-white,2023-03,0.71
Southbridge-asian,2023-03,0.63
Southbridge-black,2023-03,0.65
Southbridge-hispanic,2023-03,0.78
Southbridge-white,2023-03,0.55
Springfield-asian,2023-03,0.67
Springfield-black,2023-03,0.59
Springfield-hispanic,2023-03,0.48
Springfield-white,2023-03,0.73
Waltham-asian,2023-03,0.69
Waltham-black,2023-03,0.72
Waltham-hispanic,2023-03,0.61
Waltham-white,2023-03,0.73
Worcester-asian,2023-03,0.71
Worcester-black,2023-03,0.59
Worcester-hispanic,2023-03,0.58
Worcester-white,2023-03,0.65
Bellingham-asian,2023-04,0.72
Bellingham-black,2023-04,0.79
Bellingham-hispanic,2023-04,0.98
Bellingham-white,2023-04,0.69
Chelsea-asian,2023-04,0.9
Chelsea-black,2023-04,0.62
Chelsea-hispanic,2023-04,0.77
Chelsea-white,2023-04,0.85
Chicopee-asian,2023-04,0.63
Chicopee-black,2023-04,0.59
Chicopee-hispanic,2023-04,0.5
Chicopee-white,2023-04,0.69
Everett-asian,2023-04,0.78
Everett-black,2023-04,0.47
Everett-hispanic,2023-04,0.68
Everett-white,2023-04,0.74
Fitchburg-asian,2023-04,0.72
Fitchburg-black,2023-04,0.62
Fitchburg-hispanic,2023-04,0.55
Fitchburg-white,2023-04,0.66
Haverhill-asian,2023-04,0.7
Haverhill-black,2023-04,0.69
Haverhill-hispanic,2023-04,0.55
Haverhill-white,2023-04,0.72
Holyoke-asian,2023-04,0.74
Holyoke-black,2023-04,0.67
Holyoke-hispanic,2023-04,0.51
Holyoke-white,2023-04,0.8
Lawrence-asian,2023-04,0.7
Lawrence-black,2023-04,1.0
Lawrence-hispanic,2023-04,0.57
Lawrence-white,2023-04,1.0
Leominster-asian,2023-04,0.77
Leominster-black,2023-04,0.7
Leominster-hispanic,2023-04,0.65
Leominster-white,2023-04,0.77
Lynn-asian,2023-04,0.79
Lynn-black,2023-04,0.64
Lynn-hispanic,2023-04,0.69
Lynn-white,2023-04,0.82
Marlborough-asian,2023-04,0.6
Marlborough-black,2023-04,0.69
Marlborough-hispanic,2023-04,0.94
Marlborough-white,2023-04,0.7
Methuen-asian,2023-04,0.64
Methuen-black,2023-04,0.83
Methuen-hispanic,2023-04,0.58
Methuen-white,2023-04,0.67
Milford-asian,2023-04,0.64
Milford-black,2023-04,0.79
Milford-hispanic,2023-04,1.0
Milford-white,2023-04,0.76
New Bedford-asian,2023-04,0.59
New Bedford-black,2023-04,0.63
New Bedford-hispanic,2023-04,0.63
New Bedford-white,2023-04,0.57
Peabody-asian,2023-04,0.74
Peabody-black,2023-04,0.74
Peabody-hispanic,2023-04,0.76
Peabody-white,2023-04,0.74
Revere-asian,2023-04,0.82
Revere-black,2023-04,0.64
Revere-hispanic,2023-04,0.76
Revere-white,2023-04,0.73
Southbridge-asian,2023-04,0.63
Southbridge-black,2023-04,0.66
Southbridge-hispanic,2023-04,0.8
Southbridge-white,2023-04,0.56
Springfield-asian,2023-04,0.69
Springfield-black,2023-04,0.6
Springfield-hispanic,2023-04,0.5
Springfield-white,2023-04,0.75
Waltham-asian,2023-04,0.71
Waltham-black,2023-04,0.76
Waltham-hispanic,2023-04,0.64
Waltham-white,2023-04,0.75
Worcester-asian,2023-04,0.74
Worcester-black,2023-04,0.61
Worcester-hispanic,2023-04,0.6
Worcester-white,2023-04,0.66
